Name,URL,Remote Testing,Adaptive/IRT,Test Type,Time,Tags
Account Manager Solution,https://www.shl.com/solutions/products/product-catalog/view/account-manager-solution/,Yes,Yes,"C,P,A,B",49,"Competencies, Personality & Behavior, Ability & Aptitude, Biodata & Situational Judgement"
Administrative Professional - Short Form,https://www.shl.com/solutions/products/product-catalog/view/administrative-professional-short-form/,Yes,Yes,"A,K,P",36,"Ability & Aptitude, Knowledge & Skills, Personality & Behavior"
Agency Manager Solution,https://www.shl.com/solutions/products/product-catalog/view/agency-manager-solution/,Yes,Yes,"A,B,P,S",51,"Ability & Aptitude, Biodata & Situational Judgement, Personality & Behavior, Simulations"
Apprentice + 8.0 Job Focused Assessment,https://www.shl.com/solutions/products/product-catalog/view/apprentice-8-0-job-focused-assessment-4261/,Yes,No,"B,P",30,"Biodata & Situational Judgement, Personality & Behavior"
Apprentice 8.0 Job Focused Assessment,https://www.shl.com/solutions/products/product-catalog/view/apprentice-8-0-job-focused-assessment/,Yes,No,"B,P",20,"Biodata & Situational Judgement, Personality & Behavior"
Bank Administrative Assistant - Short Form,https://www.shl.com/solutions/products/product-catalog/view/bank-administrative-assistant-short-form/,Yes,No,"A,B,K,P",35,"Ability & Aptitude, Biodata & Situational Judgement, Knowledge & Skills, Personality & Behavior"
Bank Collections Agent - Short Form,https://www.shl.com/solutions/products/product-catalog/view/bank-collections-agent-short-form/,Yes,No,"A,B,P",45,"Ability & Aptitude, Biodata & Situational Judgement, Personality & Behavior"
Bank Operations Supervisor - Short Form,https://www.shl.com/solutions/products/product-catalog/view/bank-operations-supervisor-short-form/,Yes,Yes,"A,B,P,S",45,"Ability & Aptitude, Biodata & Situational Judgement, Personality & Behavior, Simulations"
Bilingual Spanish Reservation Agent Solution,https://www.shl.com/solutions/products/product-catalog/view/bilingual-spanish-reservation-agent-solution/,Yes,Yes,"B,P,S,A",43,"Biodata & Situational Judgement, Personality & Behavior, Simulations, Ability & Aptitude"
"Bookkeeping, Accounting, Auditing Clerk Short Form",https://www.shl.com/solutions/products/product-catalog/view/bookkeeping-accounting-auditing-clerk-short-form/,Yes,Yes,"P,S,K,B,A",49,"Personality & Behavior, Simulations, Knowledge & Skills, Biodata & Situational Judgement, Ability & Aptitude"
Branch Manager - Short Form,https://www.shl.com/solutions/products/product-catalog/view/branch-manager-short-form/,Yes,No,"A,B,P",50,"Ability & Aptitude, Biodata & Situational Judgement, Personality & Behavior"
Cashier Solution,https://www.shl.com/solutions/products/product-catalog/view/cashier-solution/,Yes,Yes,"B,A,P",28,"Biodata & Situational Judgement, Ability & Aptitude, Personality & Behavior"
Global Skills Development Report,https://www.shl.com/solutions/products/product-catalog/view/global-skills-development-report/,Yes,No,"A,E,B,C,D,P",,"Ability & Aptitude, Assessment Exercises, Biodata & Situational Judgement, Competencies, Development & 360, Personality & Behavior"
.NET Framework 4.5,https://www.shl.com/solutions/products/product-catalog/view/net-framework-4-5/,Yes,Yes,K,30,Knowledge & Skills
.NET MVC (New),https://www.shl.com/solutions/products/product-catalog/view/net-mvc-new/,Yes,No,K,17,Knowledge & Skills
.NET MVVM (New),https://www.shl.com/solutions/products/product-catalog/view/net-mvvm-new/,Yes,No,K,5,Knowledge & Skills
.NET WCF (New),https://www.shl.com/solutions/products/product-catalog/view/net-wcf-new/,Yes,No,K,11,Knowledge & Skills
.NET WPF (New),https://www.shl.com/solutions/products/product-catalog/view/net-wpf-new/,Yes,No,K,9,Knowledge & Skills
.NET XAML (New),https://www.shl.com/solutions/products/product-catalog/view/net-xaml-new/,Yes,No,K,5,Knowledge & Skills
Accounts Payable (New),https://www.shl.com/solutions/products/product-catalog/view/accounts-payable-new/,Yes,No,K,9,Knowledge & Skills
Accounts Payable Simulation (New),https://www.shl.com/solutions/products/product-catalog/view/accounts-payable-simulation-new/,Yes,No,S,8,Simulations
Accounts Receivable (New),https://www.shl.com/solutions/products/product-catalog/view/accounts-receivable-new/,Yes,No,K,13,Knowledge & Skills
Accounts Receivable Simulation (New),https://www.shl.com/solutions/products/product-catalog/view/accounts-receivable-simulation-new/,Yes,No,S,8,Simulations
ADO.NET (New),https://www.shl.com/solutions/products/product-catalog/view/ado-net-new/,Yes,No,K,10,Knowledge & Skills
Contact Center Sales & Service + 8.0,https://www.shl.com/solutions/products/product-catalog/view/contact-center-sales-and-service-8-0/,Yes,No,"P,B,C,A,S",41,"Personality & Behavior, Biodata & Situational Judgement, Competencies, Ability & Aptitude, Simulations"
Contact Center Sales & Service 8.0,https://www.shl.com/solutions/products/product-catalog/view/contact-center-sales-and-service-8-0-4268/,Yes,No,"S,B,C,P",31,"Simulations, Biodata & Situational Judgement, Competencies, Personality & Behavior"
Contact Center Team Lead/Coach - Short Form,https://www.shl.com/solutions/products/product-catalog/view/contact-center-team-leadcoach-short-form/,Yes,Yes,"A,B,P,S",45,"Ability & Aptitude, Biodata & Situational Judgement, Personality & Behavior, Simulations"
Contact Centre Agent Solution - UK,https://www.shl.com/solutions/products/product-catalog/view/contact-centre-agent-solution-uk/,Yes,No,"A,B,P,S",39,"Ability & Aptitude, Biodata & Situational Judgement, Personality & Behavior, Simulations"
Customer Service - Short Form,https://www.shl.com/solutions/products/product-catalog/view/customer-service-short-form/,Yes,Yes,"A,B,P",42,"Ability & Aptitude, Biodata & Situational Judgement, Personality & Behavior"
Customer Service - Short Form - UK,https://www.shl.com/solutions/products/product-catalog/view/customer-service-short-form-uk/,Yes,Yes,"A,B,P",42,"Ability & Aptitude, Biodata & Situational Judgement, Personality & Behavior"
Customer Service with Sales - Short Form,https://www.shl.com/solutions/products/product-catalog/view/customer-service-with-sales-short-form/,Yes,Yes,"A,B,P",44,"Ability & Aptitude, Biodata & Situational Judgement, Personality & Behavior"
Director - Short Form,https://www.shl.com/solutions/products/product-catalog/view/director-short-form/,Yes,Yes,"A,B,P",69,"Ability & Aptitude, Biodata & Situational Judgement, Personality & Behavior"
District/Regional Manager Solution,https://www.shl.com/solutions/products/product-catalog/view/districtregional-manager-solution/,Yes,Yes,"A,B,P",65,"Ability & Aptitude, Biodata & Situational Judgement, Personality & Behavior"
Entry Level Cashier 7.1 (Americas),https://www.shl.com/solutions/products/product-catalog/view/entry-level-cashier-7-1-%28americas%29/,Yes,No,"B,P,A",18,"Biodata & Situational Judgement, Personality & Behavior, Ability & Aptitude"
Entry Level Cashier 7.1 (International),https://www.shl.com/solutions/products/product-catalog/view/entry-level-cashier-7-1-%28international%29/,Yes,No,"A,B,P",18,"Ability & Aptitude, Biodata & Situational Judgement, Personality & Behavior"
Entry Level Customer Service 7.1 (Americas),https://www.shl.com/solutions/products/product-catalog/view/entry-level-customer-service-7-1-%28americas%29/,Yes,No,"C,P",19,"Competencies, Personality & Behavior"
Agile Software Development,https://www.shl.com/solutions/products/product-catalog/view/agile-software-development/,Yes,No,K,7,Knowledge & Skills
Agile Testing (New),https://www.shl.com/solutions/products/product-catalog/view/agile-testing-new/,Yes,No,K,13,Knowledge & Skills
AI Skills,https://www.shl.com/solutions/products/product-catalog/view/ai-skills/,Yes,No,P,16,Personality & Behavior
Amazon Web Services (AWS) Development (New),https://www.shl.com/solutions/products/product-catalog/view/amazon-web-services-aws-development-new/,Yes,No,K,6,Knowledge & Skills
Android Development (New),https://www.shl.com/solutions/products/product-catalog/view/android-development-new/,Yes,No,K,7,Knowledge & Skills
Angular 6 (New),https://www.shl.com/solutions/products/product-catalog/view/angular-6-new/,Yes,No,K,11,Knowledge & Skills
AngularJS (New),https://www.shl.com/solutions/products/product-catalog/view/angularjs-new/,Yes,No,K,9,Knowledge & Skills
Apache Hadoop (New),https://www.shl.com/solutions/products/product-catalog/view/apache-hadoop-new/,Yes,No,K,7,Knowledge & Skills
Apache Hadoop Extensions (New),https://www.shl.com/solutions/products/product-catalog/view/apache-hadoop-extensions-new/,Yes,No,K,9,Knowledge & Skills
Apache HBase (New),https://www.shl.com/solutions/products/product-catalog/view/apache-hbase-new/,Yes,No,K,5,Knowledge & Skills
Apache Hive (New),https://www.shl.com/solutions/products/product-catalog/view/apache-hive-new/,Yes,No,K,5,Knowledge & Skills
Apache Kafka (New),https://www.shl.com/solutions/products/product-catalog/view/apache-kafka-new/,Yes,No,K,6,Knowledge & Skills
Entry Level Sales Sift Out 7.1,https://www.shl.com/solutions/products/product-catalog/view/entry-level-sales-sift-out-7-1/,Yes,No,"C,P,B",20,"Competencies, Personality & Behavior, Biodata & Situational Judgement"
Event Sales Manager Solution,https://www.shl.com/solutions/products/product-catalog/view/event-sales-manager-solution/,Yes,Yes,"S,A,B,P",50,"Simulations, Ability & Aptitude, Biodata & Situational Judgement, Personality & Behavior"
Executive - Short Form,https://www.shl.com/solutions/products/product-catalog/view/executive-short-form/,Yes,Yes,"A,B,P",74,"Ability & Aptitude, Biodata & Situational Judgement, Personality & Behavior"
Financial Professional - Short Form,https://www.shl.com/solutions/products/product-catalog/view/financial-professional-short-form/,Yes,No,"A,B,P",35,"Ability & Aptitude, Biodata & Situational Judgement, Personality & Behavior"
Financial Services Representative Solution,https://www.shl.com/solutions/products/product-catalog/view/financial-services-representative-solution/,Yes,No,"A,B,P",44,"Ability & Aptitude, Biodata & Situational Judgement, Personality & Behavior"
Front Desk Associate Solution,https://www.shl.com/solutions/products/product-catalog/view/front-desk-associate-solution/,Yes,Yes,"A,B,P",50,"Ability & Aptitude, Biodata & Situational Judgement, Personality & Behavior"
Gaming Associate Solution,https://www.shl.com/solutions/products/product-catalog/view/gaming-associate-solution/,Yes,Yes,"A,B,P,S",50,"Ability & Aptitude, Biodata & Situational Judgement, Personality & Behavior, Simulations"
Gaming Manager Solution,https://www.shl.com/solutions/products/product-catalog/view/gaming-manager-solution/,Yes,Yes,"S,A,B,K,P",55,"Simulations, Ability & Aptitude, Biodata & Situational Judgement, Knowledge & Skills, Personality & Behavior"
General Entry Level - All Industries 7.0 Solution,https://www.shl.com/solutions/products/product-catalog/view/general-entry-level-all-industries-7-0-solution/,Yes,No,B,19,Biodata & Situational Judgement
General Entry Level - All Industries 7.1 Solution,https://www.shl.com/solutions/products/product-catalog/view/general-entry-level-all-industries-7-1-solution/,Yes,No,B,19,Biodata & Situational Judgement
General Entry Level - All Industries 7.1(Americas),https://www.shl.com/solutions/products/product-catalog/view/general-entry-level-all-industries-7-1%28americas%29/,Yes,No,B,19,Biodata & Situational Judgement
General Entry Level â€“ Data Entry 7.0 Solution,https://www.shl.com/solutions/products/product-catalog/view/general-entry-level-data-entry-7-0-solution/,Yes,No,"B,K",24,"Biodata & Situational Judgement, Knowledge & Skills"
Assessment and Development Center Exercises,https://www.shl.com/solutions/products/product-catalog/view/assessment-and-development-center-exercises/,Yes,No,E,,Assessment Exercises
Automata - Fix (New),https://www.shl.com/solutions/products/product-catalog/view/automata-fix-new/,Yes,No,S,20,Simulations
Automata - SQL (New),https://www.shl.com/solutions/products/product-catalog/view/automata-sql-new/,Yes,No,S,30,Simulations
Automata (New),https://www.shl.com/solutions/products/product-catalog/view/automata-new/,Yes,No,S,45,Simulations
Automata Data Science (New),https://www.shl.com/solutions/products/product-catalog/view/automata-data-science-new/,Yes,No,S,60,Simulations
Automata Data Science Pro (New),https://www.shl.com/solutions/products/product-catalog/view/automata-data-science-pro-new/,Yes,No,S,60,Simulations
Automata Front End,https://www.shl.com/solutions/products/product-catalog/view/automata-front-end/,Yes,No,S,30,Simulations
Automata Pro (New),https://www.shl.com/solutions/products/product-catalog/view/automata-pro-new/,Yes,No,S,60,Simulations
Automata Selenium,https://www.shl.com/solutions/products/product-catalog/view/automata-selenium/,Yes,No,S,60,Simulations
Automation Anywhere RPA Development (New),https://www.shl.com/solutions/products/product-catalog/view/automation-anywhere-rpa-development-new/,Yes,No,K,8,Knowledge & Skills
Automotive Engineering (New),https://www.shl.com/solutions/products/product-catalog/view/automotive-engineering-new/,Yes,No,K,13,Knowledge & Skills
Basic Biology (New),https://www.shl.com/solutions/products/product-catalog/view/basic-biology-new/,Yes,No,K,6,Knowledge & Skills
Guest Services Associate Solution,https://www.shl.com/solutions/products/product-catalog/view/guest-services-associate-solution/,Yes,Yes,"A,B,P,S",48,"Ability & Aptitude, Biodata & Situational Judgement, Personality & Behavior, Simulations"
Healthcare Aide 7.0 Solution,https://www.shl.com/solutions/products/product-catalog/view/healthcare-aide-7-0-solution/,Yes,No,B,22,Biodata & Situational Judgement
Healthcare Call Center Agent Solution,https://www.shl.com/solutions/products/product-catalog/view/healthcare-call-center-agent-solution/,Yes,Yes,"A,B,P,S",44,"Ability & Aptitude, Biodata & Situational Judgement, Personality & Behavior, Simulations"
Healthcare Service Associate Solution,https://www.shl.com/solutions/products/product-catalog/view/healthcare-service-associate-solution/,Yes,Yes,"A,B,P",37,"Ability & Aptitude, Biodata & Situational Judgement, Personality & Behavior"
Healthcare Support Specialist Solution,https://www.shl.com/solutions/products/product-catalog/view/healthcare-support-specialist-solution/,Yes,Yes,"A,B,P",30,"Ability & Aptitude, Biodata & Situational Judgement, Personality & Behavior"
Home Health Aide Solution,https://www.shl.com/solutions/products/product-catalog/view/home-health-aide-solution/,Yes,Yes,"A,B,P",41,"Ability & Aptitude, Biodata & Situational Judgement, Personality & Behavior"
Hospitality Manager Solution,https://www.shl.com/solutions/products/product-catalog/view/hospitality-manager-solution/,Yes,Yes,"A,B,K,P",57,"Ability & Aptitude, Biodata & Situational Judgement, Knowledge & Skills, Personality & Behavior"
Host Solution,https://www.shl.com/solutions/products/product-catalog/view/host-solution/,Yes,Yes,"B,P",30,"Biodata & Situational Judgement, Personality & Behavior"
Industrial - Entry Level 7.0 Solution,https://www.shl.com/solutions/products/product-catalog/view/industrial-entry-level-7-0-solution/,Yes,No,B,20,Biodata & Situational Judgement
Industrial - Entry Level 7.1 (Americas),https://www.shl.com/solutions/products/product-catalog/view/industrial-entry-level-7-1-%28americas%29/,Yes,No,B,20,Biodata & Situational Judgement
Industrial - Entry Level 7.1 (International),https://www.shl.com/solutions/products/product-catalog/view/industrial-entry-level-7-1-%28international%29/,Yes,No,B,20,Biodata & Situational Judgement
Industrial - Professional and Skilled 7.0 Solution,https://www.shl.com/solutions/products/product-catalog/view/industrial-professional-and-skilled-7-0-solution/,Yes,Yes,"A,B",49,"Ability & Aptitude, Biodata & Situational Judgement"
BizTalk (New),https://www.shl.com/solutions/products/product-catalog/view/biztalk-new/,Yes,No,K,16,Knowledge & Skills
Business Communication (adaptive),https://www.shl.com/solutions/products/product-catalog/view/business-communication-adaptive/,Yes,Yes,K,24,Knowledge & Skills
Business Communications,https://www.shl.com/solutions/products/product-catalog/view/business-communications/,Yes,No,K,35,Knowledge & Skills
C Programming (New),https://www.shl.com/solutions/products/product-catalog/view/c-programming-new/,Yes,No,K,10,Knowledge & Skills
C# Programming (New),https://www.shl.com/solutions/products/product-catalog/view/c-programming-new-4039/,Yes,No,K,9,Knowledge & Skills
C++ Programming (New),https://www.shl.com/solutions/products/product-catalog/view/c-programming-new-4122/,Yes,No,K,10,Knowledge & Skills
Cardiology and Diabetes Management (New),https://www.shl.com/solutions/products/product-catalog/view/cardiology-and-diabetes-management-new/,Yes,No,K,4,Knowledge & Skills
Ceramic Engineering (New),https://www.shl.com/solutions/products/product-catalog/view/ceramic-engineering-new/,Yes,No,K,12,Knowledge & Skills
Chemical Engineering (New),https://www.shl.com/solutions/products/product-catalog/view/chemical-engineering-new/,Yes,No,K,13,Knowledge & Skills
Cisco AppDynamics (New),https://www.shl.com/solutions/products/product-catalog/view/cisco-appdynamics-new/,Yes,No,K,9,Knowledge & Skills
Civil Engineering (New),https://www.shl.com/solutions/products/product-catalog/view/civil-engineering-new/,Yes,No,K,10,Knowledge & Skills
Cloud Computing (New),https://www.shl.com/solutions/products/product-catalog/view/cloud-computing-new/,Yes,No,K,8,Knowledge & Skills
Installation and Repair Technician Solution,https://www.shl.com/solutions/products/product-catalog/view/installation-and-repair-technician-solution/,Yes,Yes,"A,B,P,S",49,"Ability & Aptitude, Biodata & Situational Judgement, Personality & Behavior, Simulations"
Insurance Account Manager Solution,https://www.shl.com/solutions/products/product-catalog/view/insurance-account-manager-solution/,Yes,Yes,"A,B,P,S",48,"Ability & Aptitude, Biodata & Situational Judgement, Personality & Behavior, Simulations"
Insurance Administrative Assistant Solution,https://www.shl.com/solutions/products/product-catalog/view/insurance-administrative-assistant-solution/,Yes,Yes,"A,B,P,S",24,"Ability & Aptitude, Biodata & Situational Judgement, Personality & Behavior, Simulations"
Insurance Agent Solution,https://www.shl.com/solutions/products/product-catalog/view/insurance-agent-solution/,Yes,Yes,"A,B,P",46,"Ability & Aptitude, Biodata & Situational Judgement, Personality & Behavior"
Insurance Director Solution,https://www.shl.com/solutions/products/product-catalog/view/insurance-director-solution/,Yes,Yes,"A,B,P",49,"Ability & Aptitude, Biodata & Situational Judgement, Personality & Behavior"
Insurance Sales Manager Solution,https://www.shl.com/solutions/products/product-catalog/view/insurance-sales-manager-solution/,Yes,Yes,"A,B,P,S",51,"Ability & Aptitude, Biodata & Situational Judgement, Personality & Behavior, Simulations"
Manager - Short Form,https://www.shl.com/solutions/products/product-catalog/view/manager-short-form/,Yes,Yes,"A,B,K,P,S",57,"Ability & Aptitude, Biodata & Situational Judgement, Knowledge & Skills, Personality & Behavior, Simulations"
Manager + 7.0 Solution,https://www.shl.com/solutions/products/product-catalog/view/manager-7-0-solution-3955/,Yes,Yes,"A,B,C",53,"Ability & Aptitude, Biodata & Situational Judgement, Competencies"
Manager + 7.1 (Americas),https://www.shl.com/solutions/products/product-catalog/view/manager-7-1-solution-4242/,Yes,Yes,"B,C,P",63,"Biodata & Situational Judgement, Competencies, Personality & Behavior"
Manager + 7.1 (International),https://www.shl.com/solutions/products/product-catalog/view/manager-7-1-%28international%29/,Yes,Yes,"B,C,P",63,"Biodata & Situational Judgement, Competencies, Personality & Behavior"
Manager 7.0 Solution,https://www.shl.com/solutions/products/product-catalog/view/manager-7-0-solution/,Yes,No,"B,C",35,"Biodata & Situational Judgement, Competencies"
Manager 7.1 (Americas),https://www.shl.com/solutions/products/product-catalog/view/manager-7-1-%28americas%29/,Yes,No,"B,C,P",40,"Biodata & Situational Judgement, Competencies, Personality & Behavior"
Core Java (Advanced Level) (New),https://www.shl.com/solutions/products/product-catalog/view/core-java-advanced-level-new/,Yes,No,K,13,Knowledge & Skills
Core Java (Entry Level) (New),https://www.shl.com/solutions/products/product-catalog/view/core-java-entry-level-new/,Yes,No,K,13,Knowledge & Skills
Count Out The Money,https://www.shl.com/solutions/products/product-catalog/view/count-out-the-money/,Yes,Yes,"K,S",5,"Knowledge & Skills, Simulations"
CSS3 (New),https://www.shl.com/solutions/products/product-catalog/view/css3-new/,Yes,No,K,8,Knowledge & Skills
Culinary Skills (New),https://www.shl.com/solutions/products/product-catalog/view/culinary-skills-new/,Yes,No,K,7,Knowledge & Skills
Customer Service Phone Simulation,https://www.shl.com/solutions/products/product-catalog/view/customer-service-phone-simulation/,Yes,No,"B,S",20,"Biodata & Situational Judgement, Simulations"
Customer Service Phone Solution,https://www.shl.com/solutions/products/product-catalog/view/customer-service-phone-solution/,Yes,No,"B,P,S",30,"Biodata & Situational Judgement, Personality & Behavior, Simulations"
Cyber Risk (New),https://www.shl.com/solutions/products/product-catalog/view/cyber-risk-new/,Yes,No,K,9,Knowledge & Skills
Data Entry (New),https://www.shl.com/solutions/products/product-catalog/view/data-entry-new/,Yes,No,S,4,Simulations
Data Entry Alphanumeric Split Screen - US,https://www.shl.com/solutions/products/product-catalog/view/data-entry-alphanumeric-split-screen-us/,Yes,No,K,5,Knowledge & Skills
Data Entry Numeric Split Screen - US,https://www.shl.com/solutions/products/product-catalog/view/data-entry-numeric-split-screen-us/,Yes,No,K,5,Knowledge & Skills
Data Entry Ten Key Split Screen,https://www.shl.com/solutions/products/product-catalog/view/data-entry-ten-key-split-screen/,Yes,No,K,3,Knowledge & Skills
Manufacturing Skilled Maintenance Worker,https://www.shl.com/solutions/products/product-catalog/view/manufacturing-skilled-maintenance-worker/,Yes,No,"A,B",45,"Ability & Aptitude, Biodata & Situational Judgement"
Network Engineer/Analyst Solution,https://www.shl.com/solutions/products/product-catalog/view/network-engineeranalyst-solution/,Yes,Yes,"P,S,K,B,A",41,"Personality & Behavior, Simulations, Knowledge & Skills, Biodata & Situational Judgement, Ability & Aptitude"
Nurse Leader Solution,https://www.shl.com/solutions/products/product-catalog/view/nurse-leader-solution/,Yes,Yes,"S,A,B,P",59,"Simulations, Ability & Aptitude, Biodata & Situational Judgement, Personality & Behavior"
Nurse Solution,https://www.shl.com/solutions/products/product-catalog/view/nurse-solution/,Yes,Yes,"P,A,B",66,"Personality & Behavior, Ability & Aptitude, Biodata & Situational Judgement"
Nursing Assistant Solution,https://www.shl.com/solutions/products/product-catalog/view/nursing-assistant-solution/,Yes,No,"A,B,P",41,"Ability & Aptitude, Biodata & Situational Judgement, Personality & Behavior"
Personal Banker - Short Form,https://www.shl.com/solutions/products/product-catalog/view/personal-banker-short-form/,Yes,No,"A,B,K,P,S",30,"Ability & Aptitude, Biodata & Situational Judgement, Knowledge & Skills, Personality & Behavior, Simulations"
Phone Banker - Short Form,https://www.shl.com/solutions/products/product-catalog/view/phone-banker-short-form/,Yes,No,"A,B,P",40,"Ability & Aptitude, Biodata & Situational Judgement, Personality & Behavior"
Prep/Line Cook Solution,https://www.shl.com/solutions/products/product-catalog/view/prepline-cook-solution/,Yes,Yes,"A,B,P",24,"Ability & Aptitude, Biodata & Situational Judgement, Personality & Behavior"
Professional + 7.0 Solution,https://www.shl.com/solutions/products/product-catalog/view/professional-7-0-solution-3958/,Yes,Yes,"A,B,C",51,"Ability & Aptitude, Biodata & Situational Judgement, Competencies"
Professional + 7.1 (Americas),https://www.shl.com/solutions/products/product-catalog/view/professional-7-1-%28americas%29/,Yes,Yes,"B,C,P",56,"Biodata & Situational Judgement, Competencies, Personality & Behavior"
Professional + 7.1 (International),https://www.shl.com/solutions/products/product-catalog/view/professional-7-1-solution/,Yes,Yes,"B,C,P",56,"Biodata & Situational Judgement, Competencies, Personality & Behavior"
Professional 7.0 Solution,https://www.shl.com/solutions/products/product-catalog/view/professional-7-0-solution/,Yes,No,"B,C",33,"Biodata & Situational Judgement, Competencies"
Desktop Support (New),https://www.shl.com/solutions/products/product-catalog/view/desktop-support-new/,Yes,No,K,8,Knowledge & Skills
Digital Advertising (New),https://www.shl.com/solutions/products/product-catalog/view/digital-advertising-new/,Yes,No,K,7,Knowledge & Skills
Digital Readiness Development Report - IC,https://www.shl.com/solutions/products/product-catalog/view/digital-readiness-development-report/,Yes,No,P,,Personality & Behavior
Digital Readiness Development Report - Manager,https://www.shl.com/solutions/products/product-catalog/view/digital-readiness-development-report-manager/,Yes,No,P,,Personality & Behavior
Docker (New),https://www.shl.com/solutions/products/product-catalog/view/docker-new/,Yes,No,K,10,Knowledge & Skills
Dojo (New),https://www.shl.com/solutions/products/product-catalog/view/dojo-new/,Yes,No,K,11,Knowledge & Skills
Drupal (New),https://www.shl.com/solutions/products/product-catalog/view/drupal-new/,Yes,No,K,17,Knowledge & Skills
DSI v1.1 Interpretation Report,https://www.shl.com/solutions/products/product-catalog/view/dsi-v1-1-interpretation-report/,Yes,No,P,,Personality & Behavior
Econometrics (New),https://www.shl.com/solutions/products/product-catalog/view/econometrics-new/,Yes,No,K,11,Knowledge & Skills
Economics (New),https://www.shl.com/solutions/products/product-catalog/view/economics-new/,Yes,No,K,13,Knowledge & Skills
Electrical and Electronics Engineering (New),https://www.shl.com/solutions/products/product-catalog/view/electrical-and-electronics-engineering-new/,Yes,No,K,14,Knowledge & Skills
Electrical Engineering (New),https://www.shl.com/solutions/products/product-catalog/view/electrical-engineering-new/,Yes,No,K,8,Knowledge & Skills
Proof Operator - Processing Specialist -Short Form,https://www.shl.com/solutions/products/product-catalog/view/proof-operator-processing-specialist-short-form/,Yes,No,S,30,Simulations
Reservation Agent Solution,https://www.shl.com/solutions/products/product-catalog/view/reservation-agent-solution/,Yes,Yes,"A,P,S,B",43,"Ability & Aptitude, Personality & Behavior, Simulations, Biodata & Situational Judgement"
Restaurant Manager Solution,https://www.shl.com/solutions/products/product-catalog/view/restaurant-manager-solution/,Yes,Yes,"A,B,P,S",48,"Ability & Aptitude, Biodata & Situational Judgement, Personality & Behavior, Simulations"
Restaurant Supervisor Solution,https://www.shl.com/solutions/products/product-catalog/view/restaurant-supervisor-solution/,Yes,Yes,"A,B,P",53,"Ability & Aptitude, Biodata & Situational Judgement, Personality & Behavior"
Retail Consultant Solution,https://www.shl.com/solutions/products/product-catalog/view/retail-consultant-solution/,Yes,Yes,"A,B,P",45,"Ability & Aptitude, Biodata & Situational Judgement, Personality & Behavior"
Retail Manager w/ Sales Solution,https://www.shl.com/solutions/products/product-catalog/view/retail-manager-w-sales-solution/,Yes,Yes,"A,B,P",43,"Ability & Aptitude, Biodata & Situational Judgement, Personality & Behavior"
Retail Sales Associate Solution,https://www.shl.com/solutions/products/product-catalog/view/retail-sales-associate-solution/,Yes,Yes,"A,B,P",29,"Ability & Aptitude, Biodata & Situational Judgement, Personality & Behavior"
Sales Director Solution,https://www.shl.com/solutions/products/product-catalog/view/sales-director-solution/,Yes,Yes,"A,B,P",59,"Ability & Aptitude, Biodata & Situational Judgement, Personality & Behavior"
Sales Engineer Solution,https://www.shl.com/solutions/products/product-catalog/view/sales-engineer-solution/,Yes,Yes,"A,B,K,P,S",61,"Ability & Aptitude, Biodata & Situational Judgement, Knowledge & Skills, Personality & Behavior, Simulations"
Sales Manager Solution,https://www.shl.com/solutions/products/product-catalog/view/sales-manager-solution/,Yes,Yes,"A,B,P",63,"Ability & Aptitude, Biodata & Situational Judgement, Personality & Behavior"
Sales Professional 7.0 Solution,https://www.shl.com/solutions/products/product-catalog/view/sales-professional-7-0-solution/,Yes,No,"C,B",21,"Competencies, Biodata & Situational Judgement"
Sales Professional 7.1 (Americas),https://www.shl.com/solutions/products/product-catalog/view/sales-professional-7-1-%28americas%29/,Yes,No,"B,C",21,"Biodata & Situational Judgement, Competencies"
Enterprise Java Beans (New),https://www.shl.com/solutions/products/product-catalog/view/enterprise-java-beans-new/,Yes,No,K,4,Knowledge & Skills
Enterprise Leadership Report 1.0,https://www.shl.com/solutions/products/product-catalog/view/enterprise-leadership-report/,Yes,No,P,,Personality & Behavior
Enterprise Leadership Report 2.0,https://www.shl.com/solutions/products/product-catalog/view/enterprise-leadership-report-2-0/,Yes,No,P,,Personality & Behavior
Entry Level Cashier Solution,https://www.shl.com/solutions/products/product-catalog/view/entry-level-cashier-solution/,Yes,No,"C,P",19,"Competencies, Personality & Behavior"
Entry Level Customer Serv-Retail & Contact Center,https://www.shl.com/solutions/products/product-catalog/view/entry-level-customer-serv-retail-and-contact-center/,Yes,No,"P,C",19,"Personality & Behavior, Competencies"
Entry Level Customer Service (General) Solution,https://www.shl.com/solutions/products/product-catalog/view/entry-level-customer-service-general-solution/,Yes,No,"C,P",14,"Competencies, Personality & Behavior"
Entry Level Hotel Front Desk Solution,https://www.shl.com/solutions/products/product-catalog/view/entry-level-hotel-front-desk-solution/,Yes,No,"C,P",20,"Competencies, Personality & Behavior"
Entry Level Sales Solution,https://www.shl.com/solutions/products/product-catalog/view/entry-level-sales-solution/,Yes,No,"C,P",20,"Competencies, Personality & Behavior"
Entry Level Technical Support Solution,https://www.shl.com/solutions/products/product-catalog/view/entry-level-technical-support-solution/,Yes,No,"P,C",18,"Personality & Behavior, Competencies"
ETL Testing (New),https://www.shl.com/solutions/products/product-catalog/view/etl-testing-new/,Yes,No,K,9,Knowledge & Skills
Executive Scenarios,https://www.shl.com/solutions/products/product-catalog/view/executive-scenarios/,Yes,No,B,,Biodata & Situational Judgement
Executive Scenarios Narrative Report,https://www.shl.com/solutions/products/product-catalog/view/executive-scenarios-narrative-report/,Yes,No,B,,Biodata & Situational Judgement
COBOL Programming (New),https://www.shl.com/solutions/products/product-catalog/view/cobol-programming-new/,Yes,No,K,10,Knowledge & Skills
Computer Science (New),https://www.shl.com/solutions/products/product-catalog/view/computer-science-new/,Yes,No,K,12,Knowledge & Skills
Contact Center Call Simulation (New),https://www.shl.com/solutions/products/product-catalog/view/contact-center-call-simulation-new/,Yes,No,S,15,Simulations
Conversational Multichat Simulation,https://www.shl.com/solutions/products/product-catalog/view/conversational-multichat-simulation/,Yes,No,S,11,Simulations
Core Java (Advanced Level) (New),https://www.shl.com/solutions/products/product-catalog/view/core-java-advanced-level-new/,Yes,No,K,13,Knowledge & Skills
Core Java (Entry Level) (New),https://www.shl.com/solutions/products/product-catalog/view/core-java-entry-level-new/,Yes,No,K,13,Knowledge & Skills
Count Out The Money,https://www.shl.com/solutions/products/product-catalog/view/count-out-the-money/,Yes,Yes,"K,S",5,"Knowledge & Skills, Simulations"
CSS3 (New),https://www.shl.com/solutions/products/product-catalog/view/css3-new/,Yes,No,K,8,Knowledge & Skills
Culinary Skills (New),https://www.shl.com/solutions/products/product-catalog/view/culinary-skills-new/,Yes,No,K,7,Knowledge & Skills
Customer Service Phone Simulation,https://www.shl.com/solutions/products/product-catalog/view/customer-service-phone-simulation/,Yes,No,"B,S",20,"Biodata & Situational Judgement, Simulations"
Customer Service Phone Solution,https://www.shl.com/solutions/products/product-catalog/view/customer-service-phone-solution/,Yes,No,"B,P,S",30,"Biodata & Situational Judgement, Personality & Behavior, Simulations"
Cyber Risk (New),https://www.shl.com/solutions/products/product-catalog/view/cyber-risk-new/,Yes,No,K,9,Knowledge & Skills
Enterprise Java Beans (New),https://www.shl.com/solutions/products/product-catalog/view/enterprise-java-beans-new/,Yes,No,K,4,Knowledge & Skills
Enterprise Leadership Report 1.0,https://www.shl.com/solutions/products/product-catalog/view/enterprise-leadership-report/,Yes,No,P,,Personality & Behavior
Enterprise Leadership Report 2.0,https://www.shl.com/solutions/products/product-catalog/view/enterprise-leadership-report-2-0/,Yes,No,P,,Personality & Behavior
Entry Level Cashier Solution,https://www.shl.com/solutions/products/product-catalog/view/entry-level-cashier-solution/,Yes,No,"C,P",19,"Competencies, Personality & Behavior"
Entry Level Customer Serv-Retail & Contact Center,https://www.shl.com/solutions/products/product-catalog/view/entry-level-customer-serv-retail-and-contact-center/,Yes,No,"P,C",19,"Personality & Behavior, Competencies"
Entry Level Customer Service (General) Solution,https://www.shl.com/solutions/products/product-catalog/view/entry-level-customer-service-general-solution/,Yes,No,"C,P",14,"Competencies, Personality & Behavior"
Entry Level Hotel Front Desk Solution,https://www.shl.com/solutions/products/product-catalog/view/entry-level-hotel-front-desk-solution/,Yes,No,"C,P",20,"Competencies, Personality & Behavior"
Entry Level Sales Solution,https://www.shl.com/solutions/products/product-catalog/view/entry-level-sales-solution/,Yes,No,"C,P",20,"Competencies, Personality & Behavior"
Entry Level Technical Support Solution,https://www.shl.com/solutions/products/product-catalog/view/entry-level-technical-support-solution/,Yes,No,"P,C",18,"Personality & Behavior, Competencies"
ETL Testing (New),https://www.shl.com/solutions/products/product-catalog/view/etl-testing-new/,Yes,No,K,9,Knowledge & Skills
Executive Scenarios,https://www.shl.com/solutions/products/product-catalog/view/executive-scenarios/,Yes,No,B,,Biodata & Situational Judgement
Executive Scenarios Narrative Report,https://www.shl.com/solutions/products/product-catalog/view/executive-scenarios-narrative-report/,Yes,No,B,,Biodata & Situational Judgement
Instrumentation Engineering (New),https://www.shl.com/solutions/products/product-catalog/view/instrumentation-engineering-new/,Yes,No,K,12,Knowledge & Skills
Interpersonal Communications,https://www.shl.com/solutions/products/product-catalog/view/interpersonal-communications/,Yes,Yes,K,1535,Knowledge & Skills
Interviewing and Hiring Concepts (U.S.),https://www.shl.com/solutions/products/product-catalog/view/interviewing-and-hiring-concepts-u-s/,Yes,Yes,K,1535,Knowledge & Skills
iOS Development (New),https://www.shl.com/solutions/products/product-catalog/view/ios-development-new/,Yes,No,K,7,Knowledge & Skills
ITIL (IT Infrastructure Library) (New),https://www.shl.com/solutions/products/product-catalog/view/itil-it-infrastructure-library-new/,Yes,No,K,8,Knowledge & Skills
Java 2 Platform Enterprise Edition 1.4 Fundamental,https://www.shl.com/solutions/products/product-catalog/view/java-2-platform-enterprise-edition-1-4-fundamental/,Yes,Yes,K,30,Knowledge & Skills
Java 8 (New),https://www.shl.com/solutions/products/product-catalog/view/java-8-new/,Yes,No,K,18,Knowledge & Skills
Java Design Patterns (New),https://www.shl.com/solutions/products/product-catalog/view/java-design-patterns-new/,Yes,No,K,5,Knowledge & Skills
Java Frameworks (New),https://www.shl.com/solutions/products/product-catalog/view/java-frameworks-new/,Yes,No,K,17,Knowledge & Skills
Java Platform Enterprise Edition 7 (Java EE 7),https://www.shl.com/solutions/products/product-catalog/view/java-platform-enterprise-edition-7-java-ee-7/,Yes,Yes,K,30,Knowledge & Skills
Java Web Services (New),https://www.shl.com/solutions/products/product-catalog/view/java-web-services-new/,Yes,No,K,8,Knowledge & Skills
JavaScript (New),https://www.shl.com/solutions/products/product-catalog/view/javascript-new/,Yes,No,K,9,Knowledge & Skills
Linux Administration (New),https://www.shl.com/solutions/products/product-catalog/view/linux-administration-new/,Yes,No,K,10,Knowledge & Skills
Linux Operating System,https://www.shl.com/solutions/products/product-catalog/view/linux-operating-system/,Yes,No,K,15,Knowledge & Skills
Linux Programming (General),https://www.shl.com/solutions/products/product-catalog/view/linux-programming-general/,Yes,Yes,K,25,Knowledge & Skills
Load Runner (New),https://www.shl.com/solutions/products/product-catalog/view/load-runner-new/,Yes,No,K,6,Knowledge & Skills
Management Scenarios,https://www.shl.com/solutions/products/product-catalog/view/management-scenarios/,Yes,No,B,,Biodata & Situational Judgement
Managerial Scenarios Candidate Report,https://www.shl.com/solutions/products/product-catalog/view/managerial-scenarios-candidate-report/,Yes,No,B,,Biodata & Situational Judgement
Managerial Scenarios Narrative Report,https://www.shl.com/solutions/products/product-catalog/view/managerial-scenarios-narrative-report/,Yes,No,B,,Biodata & Situational Judgement
Managerial Scenarios Profile Report,https://www.shl.com/solutions/products/product-catalog/view/managerial-scenarios-profile-report/,Yes,No,B,,Biodata & Situational Judgement
Manual Testing (New),https://www.shl.com/solutions/products/product-catalog/view/manual-testing-new/,Yes,No,K,10,Knowledge & Skills
Manufac. & Indust. - Mechanical & Vigilance 8.0,https://www.shl.com/solutions/products/product-catalog/view/mechanical-and-vigilance-focus-8-0/,Yes,No,"A,P",49,"Ability & Aptitude, Personality & Behavior"
Manufac. & Indust. - Safety & Dependability 8.0,https://www.shl.com/solutions/products/product-catalog/view/safety-and-dependability-focus-8-0/,Yes,No,P,16,Personality & Behavior
Manufacturing & Industrial - Essential Focus 8.0,https://www.shl.com/solutions/products/product-catalog/view/essential-focus-8-0/,Yes,No,P,16,Personality & Behavior
Mechanical Engineering (New),https://www.shl.com/solutions/products/product-catalog/view/mechanical-engineering-new/,Yes,No,K,7,Knowledge & Skills
Mechatronics Engineering (New),https://www.shl.com/solutions/products/product-catalog/view/mechatronics-engineering-new/,Yes,No,K,19,Knowledge & Skills
Medical Terminology (New),https://www.shl.com/solutions/products/product-catalog/view/medical-terminology-new/,Yes,No,K,3,Knowledge & Skills
Metallurgical Engineering (New),https://www.shl.com/solutions/products/product-catalog/view/metallurgical-engineering-new/,Yes,No,K,10,Knowledge & Skills
MFS 360 Enterprise Leadership Report,https://www.shl.com/solutions/products/product-catalog/view/mfs-360-enterprise-leadership-report/,Yes,No,D,,Development & 360
MFS 360 UCF Group Report,https://www.shl.com/solutions/products/product-catalog/view/mfs-360-ucf-group-report/,Yes,No,D,,Development & 360
MFS 360 UCF Performance Potential Dev Tips Report,https://www.shl.com/solutions/products/product-catalog/view/mfs-360-ucf-performance-potential-dev-tips-report/,Yes,No,D,,Development & 360
MFS 360 UCF Standard Report,https://www.shl.com/solutions/products/product-catalog/view/mfs-360-ucf-standard-report/,Yes,No,D,,Development & 360
Micro Focus Unified Functional Testing (New),https://www.shl.com/solutions/products/product-catalog/view/micro-focus-unified-functional-testing-new/,Yes,No,K,12,Knowledge & Skills
Microservices (New),https://www.shl.com/solutions/products/product-catalog/view/microservices-new/,Yes,No,K,7,Knowledge & Skills
Microsoft Dynamics Development (New),https://www.shl.com/solutions/products/product-catalog/view/microsoft-dynamics-development-new/,Yes,No,K,9,Knowledge & Skills
Microsoft Excel 365 - Essentials (New),https://www.shl.com/solutions/products/product-catalog/view/microsoft-excel-365-essentials-new/,Yes,No,"K,S",30,"Knowledge & Skills, Simulations"
Microsoft Windows Server 2012 Administration,https://www.shl.com/solutions/products/product-catalog/view/microsoft-windows-server-2012-administration/,Yes,Yes,K,35,Knowledge & Skills
Microsoft Word 365 - Essentials (New),https://www.shl.com/solutions/products/product-catalog/view/microsoft-word-365-essentials-new/,Yes,No,"K,S",25,"Knowledge & Skills, Simulations"
Microsoft Word 365 (New),https://www.shl.com/solutions/products/product-catalog/view/microsoft-word-365-new/,Yes,No,"S,K",35,"Simulations, Knowledge & Skills"
Mineral Engineering (New),https://www.shl.com/solutions/products/product-catalog/view/mineral-engineering-new/,Yes,No,K,12,Knowledge & Skills
Mining Engineering (New),https://www.shl.com/solutions/products/product-catalog/view/mining-engineering-new/,Yes,No,K,16,Knowledge & Skills
Mobility (New),https://www.shl.com/solutions/products/product-catalog/view/mobility-new/,Yes,No,K,9,Knowledge & Skills
Molecular Biology (New),https://www.shl.com/solutions/products/product-catalog/view/molecular-biology-new/,Yes,No,K,6,Knowledge & Skills
MongoDB (New),https://www.shl.com/solutions/products/product-catalog/view/mongodb-new/,Yes,No,K,7,Knowledge & Skills
Motivation Questionnaire MQM5,https://www.shl.com/solutions/products/product-catalog/view/motivation-questionnaire-mqm5/,Yes,No,P,25,Personality & Behavior
MQ Candidate Motivation Report,https://www.shl.com/solutions/products/product-catalog/view/mq-candidate-motivation-report/,Yes,No,P,,Personality & Behavior
MQ Employee Motivation Report,https://www.shl.com/solutions/products/product-catalog/view/mq-employee-motivation-report/,Yes,No,P,,Personality & Behavior
MQ Motivation Report Pack,https://www.shl.com/solutions/products/product-catalog/view/mq-motivation-report-pack/,Yes,No,P,,Personality & Behavior
MS Office Basic Computer Literacy (Sim) (New),https://www.shl.com/solutions/products/product-catalog/view/ms-office-basic-computer-literacy-sim-new/,Yes,No,S,5,Simulations
MS PowerPoint (New),https://www.shl.com/solutions/products/product-catalog/view/ms-powerpoint-new/,Yes,No,K,4,Knowledge & Skills
MS Word (New),https://www.shl.com/solutions/products/product-catalog/view/ms-word-new/,Yes,No,K,4,Knowledge & Skills
MuleSoft Development (New),https://www.shl.com/solutions/products/product-catalog/view/mulesoft-development-new/,Yes,No,K,17,Knowledge & Skills
Multitasking Ability,https://www.shl.com/solutions/products/product-catalog/view/multitasking-ability/,Yes,No,"A,K,S",20,"Ability & Aptitude, Knowledge & Skills, Simulations"
Networking and Implementation (New),https://www.shl.com/solutions/products/product-catalog/view/networking-and-implementation-new/,Yes,No,K,7,Knowledge & Skills
Node.js (New),https://www.shl.com/solutions/products/product-catalog/view/node-js-new/,Yes,No,K,9,Knowledge & Skills
Nursing (New),https://www.shl.com/solutions/products/product-catalog/view/nursing-new/,Yes,No,K,11,Knowledge & Skills
Occupational Personality Questionnaire OPQ32r,https://www.shl.com/solutions/products/product-catalog/view/occupational-personality-questionnaire-opq32r/,Yes,No,P,25,Personality & Behavior
Operations Management (New),https://www.shl.com/solutions/products/product-catalog/view/operations-management-new/,Yes,No,K,7,Knowledge & Skills
OPQ Candidate Plus Report,https://www.shl.com/solutions/products/product-catalog/view/opq-candidate-plus-report/,Yes,No,P,,Personality & Behavior
OPQ Candidate Report 2.0,https://www.shl.com/solutions/products/product-catalog/view/opq-candidate-report-2-0/,Yes,No,P,,Personality & Behavior
OPQ Maximising your Learning Report,https://www.shl.com/solutions/products/product-catalog/view/opq-maximising-your-learning-report/,Yes,No,P,,Personality & Behavior
OPQ MQ Sales Report,https://www.shl.com/solutions/products/product-catalog/view/opq-mq-sales-report/,Yes,No,P,,Personality & Behavior
OPQ Premium Plus Report,https://www.shl.com/solutions/products/product-catalog/view/opq-premium-plus-report/,Yes,No,P,,Personality & Behavior
OPQ Premium Plus Report 2.0,https://www.shl.com/solutions/products/product-catalog/view/opq-premium-plus-report-2-0/,Yes,No,P,,Personality & Behavior
OPQ Profile Report,https://www.shl.com/solutions/products/product-catalog/view/opq-profile-report/,Yes,No,P,,Personality & Behavior
OPQ Team Impact Group Development Report,https://www.shl.com/solutions/products/product-catalog/view/opq-team-impact-group-development-report/,Yes,No,P,,Personality & Behavior
OPQ Team Impact Individual Development Report,https://www.shl.com/solutions/products/product-catalog/view/opq-team-impact-individual-development-report/,Yes,No,P,,Personality & Behavior
OPQ Team Impact Selection Report,https://www.shl.com/solutions/products/product-catalog/view/opq-team-impact-selection-report/,Yes,No,P,,Personality & Behavior
OPQ Team Types & Leadership Styles Profile,https://www.shl.com/solutions/products/product-catalog/view/opq-team-types-and-leadership-styles-profile/,Yes,No,P,,Personality & Behavior
OPQ Team Types and Leadership Styles Report,https://www.shl.com/solutions/products/product-catalog/view/opq-team-types-and-leadership-styles-report/,Yes,No,P,,Personality & Behavior
OPQ UCF Development Action Planner Report 1.0,https://www.shl.com/solutions/products/product-catalog/view/opq-ucf-development-action-planner-report/,Yes,No,P,,Personality & Behavior
OPQ UCF Development Action Planner Report 2.0,https://www.shl.com/solutions/products/product-catalog/view/opq-ucf-development-action-planner-report-2-0/,Yes,No,P,,Personality & Behavior
Oracle DBA (Advanced Level) (New),https://www.shl.com/solutions/products/product-catalog/view/oracle-dba-advanced-level-new/,Yes,No,K,12,Knowledge & Skills
Oracle DBA (Entry Level) (New),https://www.shl.com/solutions/products/product-catalog/view/oracle-dba-entry-level-new/,Yes,No,K,12,Knowledge & Skills
Oracle PL/SQL (New),https://www.shl.com/solutions/products/product-catalog/view/oracle-plsql-new/,Yes,No,K,11,Knowledge & Skills
Oracle WebLogic Server (New),https://www.shl.com/solutions/products/product-catalog/view/oracle-weblogic-server-new/,Yes,No,K,7,Knowledge & Skills
Organic Chemistry (New),https://www.shl.com/solutions/products/product-catalog/view/organic-chemistry-new/,Yes,No,K,10,Knowledge & Skills
Paint Technology (New),https://www.shl.com/solutions/products/product-catalog/view/paint-technology-new/,Yes,No,K,7,Knowledge & Skills
Pediatrics (New),https://www.shl.com/solutions/products/product-catalog/view/pediatrics-new/,Yes,No,K,5,Knowledge & Skills
Pega Development (New),https://www.shl.com/solutions/products/product-catalog/view/pega-development-new/,Yes,No,K,17,Knowledge & Skills
Perl (New),https://www.shl.com/solutions/products/product-catalog/view/perl-new/,Yes,No,K,9,Knowledge & Skills
Petrochemical Engineering (New),https://www.shl.com/solutions/products/product-catalog/view/petrochemical-engineering-new/,Yes,No,K,7,Knowledge & Skills
Petroleum Engineering (New),https://www.shl.com/solutions/products/product-catalog/view/petroleum-engineering-new/,Yes,No,K,10,Knowledge & Skills
Pharmaceutical Analysis (New),https://www.shl.com/solutions/products/product-catalog/view/pharmaceutical-analysis-new/,Yes,No,K,12,Knowledge & Skills
PHP (New),https://www.shl.com/solutions/products/product-catalog/view/php-new/,Yes,No,K,8,Knowledge & Skills
PJM Development Report,https://www.shl.com/solutions/products/product-catalog/view/pjm-development-report/,Yes,No,"C,A,P",,"Competencies, Ability & Aptitude, Personality & Behavior"
PJM Selection Report,https://www.shl.com/solutions/products/product-catalog/view/pjm-selection-report/,Yes,No,"A,C,P",,"Ability & Aptitude, Competencies, Personality & Behavior"
Polymer Engineering (New),https://www.shl.com/solutions/products/product-catalog/view/polymer-engineering-new/,Yes,No,K,8,Knowledge & Skills
Power Electronics and Drives (New),https://www.shl.com/solutions/products/product-catalog/view/power-electronics-and-drives-new/,Yes,No,K,15,Knowledge & Skills
Power System Engineering (New),https://www.shl.com/solutions/products/product-catalog/view/power-system-engineering-new/,Yes,No,K,12,Knowledge & Skills
Prism (New),https://www.shl.com/solutions/products/product-catalog/view/prism-new/,Yes,No,K,4,Knowledge & Skills
Production and Industrial Engineering (New),https://www.shl.com/solutions/products/product-catalog/view/production-and-industrial-engineering-new/,Yes,No,K,13,Knowledge & Skills
Production Engineering (New),https://www.shl.com/solutions/products/product-catalog/view/production-engineering-new/,Yes,No,K,10,Knowledge & Skills
Programming Concepts,https://www.shl.com/solutions/products/product-catalog/view/programming-concepts/,Yes,Yes,K,25,Knowledge & Skills
Project Management (2013),https://www.shl.com/solutions/products/product-catalog/view/project-management-2013/,Yes,Yes,K,30,Knowledge & Skills
Proofreading v1,https://www.shl.com/solutions/products/product-catalog/view/proofreading-v1/,Yes,No,K,6,Knowledge & Skills
Adobe Experience Manager (New),https://www.shl.com/solutions/products/product-catalog/view/adobe-experience-manager-new/,Yes,No,K,17,Knowledge & Skills
Adobe Photoshop CC,https://www.shl.com/solutions/products/product-catalog/view/adobe-photoshop-cc/,Yes,Yes,K,20,Knowledge & Skills
Aeronautical Engineering (New),https://www.shl.com/solutions/products/product-catalog/view/aeronautical-engineering-new/,Yes,No,K,10,Knowledge & Skills
Aerospace Engineering (New),https://www.shl.com/solutions/products/product-catalog/view/aerospace-engineering-new/,Yes,No,K,10,Knowledge & Skills
Agile Software Development,https://www.shl.com/solutions/products/product-catalog/view/agile-software-development/,Yes,No,K,7,Knowledge & Skills
Agile Testing (New),https://www.shl.com/solutions/products/product-catalog/view/agile-testing-new/,Yes,No,K,13,Knowledge & Skills
AI Skills,https://www.shl.com/solutions/products/product-catalog/view/ai-skills/,Yes,No,P,16,Personality & Behavior
Amazon Web Services (AWS) Development (New),https://www.shl.com/solutions/products/product-catalog/view/amazon-web-services-aws-development-new/,Yes,No,K,6,Knowledge & Skills
Android Development (New),https://www.shl.com/solutions/products/product-catalog/view/android-development-new/,Yes,No,K,7,Knowledge & Skills
Angular 6 (New),https://www.shl.com/solutions/products/product-catalog/view/angular-6-new/,Yes,No,K,11,Knowledge & Skills
AngularJS (New),https://www.shl.com/solutions/products/product-catalog/view/angularjs-new/,Yes,No,K,9,Knowledge & Skills
Apache Hadoop (New),https://www.shl.com/solutions/products/product-catalog/view/apache-hadoop-new/,Yes,No,K,7,Knowledge & Skills
Sales Transformation Report 1.0 - Sales Manager,https://www.shl.com/solutions/products/product-catalog/view/sales-transformation-report-sales-manager/,Yes,No,P,,Personality & Behavior
Sales Transformation Report 2.0 - Sales Manager,https://www.shl.com/solutions/products/product-catalog/view/sales-transformation-report-2-0-sales-manager/,Yes,No,P,,Personality & Behavior
Salesforce Development (New),https://www.shl.com/solutions/products/product-catalog/view/salesforce-development-new/,Yes,No,K,15,Knowledge & Skills
SAP ABAP (Advanced Level) (New),https://www.shl.com/solutions/products/product-catalog/view/sap-abap-advanced-level-new/,Yes,No,K,12,Knowledge & Skills
SAP ABAP (Intermediate Level) (New),https://www.shl.com/solutions/products/product-catalog/view/sap-abap-intermediate-level-new/,Yes,No,K,9,Knowledge & Skills
SAP Basis (New),https://www.shl.com/solutions/products/product-catalog/view/sap-basis-new/,Yes,No,K,9,Knowledge & Skills
SAP Business Objects WebI (New),https://www.shl.com/solutions/products/product-catalog/view/sap-business-objects-webi-new/,Yes,No,K,10,Knowledge & Skills
SAP BW (Business Warehouse) (New),https://www.shl.com/solutions/products/product-catalog/view/sap-bw-business-warehouse-new/,Yes,No,K,9,Knowledge & Skills
SAP HCM (Human Capital Management) (New),https://www.shl.com/solutions/products/product-catalog/view/sap-hcm-human-capital-management-new/,Yes,No,K,,Knowledge & Skills
SAP Hybris (New),https://www.shl.com/solutions/products/product-catalog/view/sap-hybris-new/,Yes,No,K,20,Knowledge & Skills
SAP Materials Management (New),https://www.shl.com/solutions/products/product-catalog/view/sap-materials-management-new/,Yes,No,K,10,Knowledge & Skills
SAP SD (Sales and Distribution) (New),https://www.shl.com/solutions/products/product-catalog/view/sap-sd-sales-and-distribution-new/,Yes,No,K,8,Knowledge & Skills
SHL Verify Interactive â€“ Deductive Reasoning,https://www.shl.com/solutions/products/product-catalog/view/shl-verify-interactive-deductive-reasoning/,Yes,Yes,"A,S",20,"Ability & Aptitude, Simulations"
SHL Verify Interactive â€“ Numerical Reasoning,https://www.shl.com/solutions/products/product-catalog/view/shl-verify-interactive-numerical-reasoning/,Yes,Yes,"A,S",20,"Ability & Aptitude, Simulations"
SHL Verify Interactive G+,https://www.shl.com/solutions/products/product-catalog/view/shl-verify-interactive-g/,Yes,Yes,A,36,Ability & Aptitude
SHL Verify Interactive Numerical Calculation,https://www.shl.com/solutions/products/product-catalog/view/shl-verify-interactive-numerical-calculation/,Yes,Yes,A,10,Ability & Aptitude
Siebel Development (New),https://www.shl.com/solutions/products/product-catalog/view/siebel-development-new/,Yes,No,K,8,Knowledge & Skills
Smart Interview Live,https://www.shl.com/solutions/products/product-catalog/view/smart-interview-live/,Yes,No,P,,Personality & Behavior
Smart Interview Live Coding,https://www.shl.com/solutions/products/product-catalog/view/smart-interview-live-coding/,Yes,No,K,,Knowledge & Skills
Smart Interview On Demand,https://www.shl.com/solutions/products/product-catalog/view/smart-interview-on-demand/,Yes,No,P,,Personality & Behavior
Social Media (New),https://www.shl.com/solutions/products/product-catalog/view/social-media-new/,Yes,No,K,10,Knowledge & Skills
Software Business Analysis,https://www.shl.com/solutions/products/product-catalog/view/software-business-analysis/,Yes,Yes,K,30,Knowledge & Skills
SonarQube (New),https://www.shl.com/solutions/products/product-catalog/view/sonarqube-new/,Yes,No,K,,Knowledge & Skills
Spelling (U.S.) (New),https://www.shl.com/solutions/products/product-catalog/view/spelling-u-s-new/,Yes,No,K,0,Knowledge & Skills
SQL Server Analysis Services (SSAS) (New),https://www.shl.com/solutions/products/product-catalog/view/sql-server-analysis-services-%28ssas%29-%28new%29/,Yes,No,K,15,Knowledge & Skills
SQL Server Integration Services (SSIS) (New),https://www.shl.com/solutions/products/product-catalog/view/sql-server-integration-services-ssis-new/,Yes,No,K,10,Knowledge & Skills
SQL Server Reporting Services (SSRS) (New),https://www.shl.com/solutions/products/product-catalog/view/sql-server-reporting-services-ssrs-new/,Yes,No,K,10,Knowledge & Skills
Statistical Analysis System (New),https://www.shl.com/solutions/products/product-catalog/view/statistical-analysis-system-new/,Yes,No,K,11,Knowledge & Skills
Struts (New),https://www.shl.com/solutions/products/product-catalog/view/struts-new/,Yes,No,K,5,Knowledge & Skills
SVAR - Spoken English (AUS),https://www.shl.com/solutions/products/product-catalog/view/svar-spoken-english-aus/,Yes,No,S,,Simulations
SVAR - Spoken English (Indian Accent)  (New),https://www.shl.com/solutions/products/product-catalog/view/svar-spoken-english-indian-accent-new/,Yes,No,S,,Simulations
SVAR - Spoken English (U.K.),https://www.shl.com/solutions/products/product-catalog/view/svar-spoken-english-u-k/,Yes,No,S,,Simulations
SVAR - Spoken English (US)  (New),https://www.shl.com/solutions/products/product-catalog/view/svar-spoken-english-us-new/,Yes,No,S,,Simulations
SVAR - Spoken French (Canadian) (New),https://www.shl.com/solutions/products/product-catalog/view/svar-spoken-french-canadian-new/,Yes,No,S,,Simulations
SVAR - Spoken French (European) (New),https://www.shl.com/solutions/products/product-catalog/view/svar-spoken-french-european-new/,Yes,No,S,,Simulations
SVAR - Spoken Spanish (Castilian) (New),https://www.shl.com/solutions/products/product-catalog/view/svar-spoken-spanish-castilian-new/,Yes,No,S,,Simulations
Teradata Development (New),https://www.shl.com/solutions/products/product-catalog/view/teradata-development-new/,Yes,No,K,9,Knowledge & Skills
Time Management (U.S.),https://www.shl.com/solutions/products/product-catalog/view/time-management-u-s/,Yes,Yes,K,1535,Knowledge & Skills
Training Development,https://www.shl.com/solutions/products/product-catalog/view/training-development/,Yes,Yes,K,1535,Knowledge & Skills
Typing (New),https://www.shl.com/solutions/products/product-catalog/view/typing-new/,Yes,No,S,2,Simulations
UiPath RPA Development (New),https://www.shl.com/solutions/products/product-catalog/view/uipath-rpa-development-new/,Yes,No,K,8,Knowledge & Skills
Universal Competency Framework Interview Guide,https://www.shl.com/solutions/products/product-catalog/view/universal-competency-framework-interview-guide/,Yes,No,"C,P",,"Competencies, Personality & Behavior"
Universal Competency Framework Job profiling guide,https://www.shl.com/solutions/products/product-catalog/view/universal-competency-framework-job-profiling-guide/,Yes,No,"C,P",,"Competencies, Personality & Behavior"
Universal Competency Framework Profiler Cards (44),https://www.shl.com/solutions/products/product-catalog/view/universal-competency-framework-profiler-cards-44/,Yes,No,"C,P",,"Competencies, Personality & Behavior"
UNIX (New),https://www.shl.com/solutions/products/product-catalog/view/unix-new/,Yes,No,K,9,Knowledge & Skills
VB.NET (New),https://www.shl.com/solutions/products/product-catalog/view/vb-net-new/,Yes,No,K,10,Knowledge & Skills
Verify - Deductive Reasoning,https://www.shl.com/solutions/products/product-catalog/view/verify-deductive-reasoning/,Yes,Yes,A,20,Ability & Aptitude
Verify - Following Instructions,https://www.shl.com/solutions/products/product-catalog/view/verify-following-instructions/,Yes,No,A,8,Ability & Aptitude
Verify - Technical Checking - Next Generation,https://www.shl.com/solutions/products/product-catalog/view/verify-technical-checking-next-generation/,Yes,No,A,5,Ability & Aptitude
Verify - Verbal Ability - Next Generation,https://www.shl.com/solutions/products/product-catalog/view/verify-verbal-ability-next-generation/,Yes,Yes,A,15,Ability & Aptitude
Verify - Working with Information,https://www.shl.com/solutions/products/product-catalog/view/verify-working-with-information/,Yes,No,A,10,Ability & Aptitude
Verify G+ - Ability Test Report,https://www.shl.com/solutions/products/product-catalog/view/verify-g-ability-test-report/,Yes,No,A,,Ability & Aptitude
Verify G+ - Candidate Report,https://www.shl.com/solutions/products/product-catalog/view/verify-g-candidate-report/,Yes,No,A,,Ability & Aptitude
Verify Interactive Ability Report,https://www.shl.com/solutions/products/product-catalog/view/verify-interactive-ability-report/,Yes,No,A,,Ability & Aptitude
Verify Interactive G+ Candidate Report,https://www.shl.com/solutions/products/product-catalog/view/verify-interactive-g-candidate-report/,Yes,No,A,,Ability & Aptitude
Verify Interactive G+ Report,https://www.shl.com/solutions/products/product-catalog/view/verify-interactive-g-report/,Yes,No,A,,Ability & Aptitude
Verify Interactive Process Monitoring,https://www.shl.com/solutions/products/product-catalog/view/verify-interactive-process-monitoring/,Yes,No,A,18,Ability & Aptitude
Virtual Assessment and Development Centers,https://www.shl.com/solutions/products/product-catalog/view/virtual-assessment-and-development-centers/,Yes,No,P,,Personality & Behavior
Visual Basic for Applications (New),https://www.shl.com/solutions/products/product-catalog/view/visual-basic-for-applications-new/,Yes,No,K,7,Knowledge & Skills
Visual Comparison - UK,https://www.shl.com/solutions/products/product-catalog/view/visual-comparison-uk/,Yes,No,K,5,Knowledge & Skills
Workplace Health and Safety (New),https://www.shl.com/solutions/products/product-catalog/view/workplace-health-and-safety-new/,Yes,No,K,9,Knowledge & Skills
WriteX - Email Writing (Customer Service) (New),https://www.shl.com/solutions/products/product-catalog/view/writex-email-writing-customer-service-new/,Yes,No,S,15,Simulations
WriteX - Email Writing (Managerial) (New),https://www.shl.com/solutions/products/product-catalog/view/writex-email-writing-managerial-new/,Yes,No,S,15,Simulations
WriteX - Email Writing (Sales) (New),https://www.shl.com/solutions/products/product-catalog/view/writex-email-writing-sales-new/,Yes,No,"B,S",15,"Biodata & Situational Judgement, Simulations"
Written English v1,https://www.shl.com/solutions/products/product-catalog/view/written-english-v1/,Yes,Yes,K,30,Knowledge & Skills
Written Spanish,https://www.shl.com/solutions/products/product-catalog/view/written-spanish/,Yes,Yes,K,22,Knowledge & Skills
Zabbix (New),https://www.shl.com/solutions/products/product-catalog/view/zabbix-new/,Yes,No,K,9,Knowledge & Skills
360 Digital Report,https://www.shl.com/solutions/products/product-catalog/view/360-digital-report/,Yes,No,D,,Development & 360
360Â° Multi-Rater Feedback System (MFS),https://www.shl.com/solutions/products/product-catalog/view/360-multi-rater-feedback-system-mfs/,Yes,No,"D,P",,"Development & 360, Personality & Behavior"
